start,end,length,level,mean_voltage,std_voltage,min_voltage,max_voltage,segment_id,level_str
0,18440,18441,1,0.17312318402094154,0.16043076197812595,0.01410088769030847,0.3592141308005104,0,HIGH
